Title,Price,Rating,Number of Reviews,Delivery Date,Link
"Logitech G305 Lightspeed Kablosuz Gaming Mouse, Siyah","1.746,24 TL",4.6,22,"Yarın, 31 Oca",https://www.amazon.com.tr/sspa/click?ie=UTF8&spc=MToxNzE4NjkyMTIwNDg4MDI0OjE3Njk3ODE0Mjk6c3BfYXRmOjMwMDgxMzI1NDkyMTEzMjo6MDo6&url=%2FLogitech-LIGHTSPEED-Kablosuz-Programlanabilir-Bildirim%2Fdp%2FB07CGPZ3ZQ%2Fref%3Dsr_1_1_sspa%3Fdib%3DeyJ2IjoiMSJ9.sxN_0sOH-Dff_3HqMoNKsUCrAdQr53fyKLYb4APAKnaKp9EsCPGth0_AA-vUqmBEMEjVIi4Chi0FollbNZx9fQMeViAYooWdwAkGIi5FPPy0sZ7pfBsMWccm7_l8o5Rfp5ZMPudtjwg3CK_o68ynH0bK_U0cELpQUkj-w09j8bYJI8EGz31Ba23X4j98nzzayQEI4hlHK10Q_JZftMvfkeiwfq8zw6Tyy2daoleSO9_aNr2FsdGLCCRpIbxVGEy04dSG0IuJP3iBBq7kuJGG-qgxALBKBJo5BnlBfE4xCGU.5TEdoBlYLK_HvHM7r-LbflJtkQlaPXoKeSxgxYkezTI%26dib_tag%3Dse%26keywords%3Dwireless%2Bgaming%2Bmouse%26qid%3D1769781429%26sr%3D8-1-spons%26aref%3DH5YI6xUeGx%26sp_csd%3Dd2lkZ2V0TmFtZT1zcF9hdGY%26psc%3D1&aref=H5YI6xUeGx&sp_cr=DUB
"Razer DeathAdder V3 Pro - Hafif Kablosuz Ergonomik Espor Faresi (63g Hafif Tasarım, Focus Pro 30K Optik Sensör, Fare Anahtarı Gen-3, HyperSpeed Kablosuz) Siyah","4.383,00 TL",4.5,12,"Yarın, 31 Oca",https://www.amazon.com.tr/sspa/click?ie=UTF8&spc=MToxNzE4NjkyMTIwNDg4MDI0OjE3Njk3ODE0Mjk6c3BfYXRmOjMwMDMzMzAzMjg5NTYzMjo6MDo6&url=%2FRazer-DeathAdder-Pro-spor-HyperSpeed%2Fdp%2FB09ZLV2531%2Fref%3Dsr_1_2_sspa%3Fdib%3DeyJ2IjoiMSJ9.sxN_0sOH-Dff_3HqMoNKsUCrAdQr53fyKLYb4APAKnaKp9EsCPGth0_AA-vUqmBEMEjVIi4Chi0FollbNZx9fQMeViAYooWdwAkGIi5FPPy0sZ7pfBsMWccm7_l8o5Rfp5ZMPudtjwg3CK_o68ynH0bK_U0cELpQUkj-w09j8bYJI8EGz31Ba23X4j98nzzayQEI4hlHK10Q_JZftMvfkeiwfq8zw6Tyy2daoleSO9_aNr2FsdGLCCRpIbxVGEy04dSG0IuJP3iBBq7kuJGG-qgxALBKBJo5BnlBfE4xCGU.5TEdoBlYLK_HvHM7r-LbflJtkQlaPXoKeSxgxYkezTI%26dib_tag%3Dse%26keywords%3Dwireless%2Bgaming%2Bmouse%26qid%3D1769781429%26sr%3D8-2-spons%26aref%3DVynx4fRmQz%26sp_csd%3Dd2lkZ2V0TmFtZT1zcF9hdGY%26psc%3D1&aref=Vynx4fRmQz&sp_cr=DUB
"Logitech G Pro X Superlight 2 Kablosuz Oyun Faresi, Siyah","6.289,00 TL",4.6,2,"Yarın, 31 Oca",https://www.amazon.com.tr/sspa/click?ie=UTF8&spc=MToxNzE4NjkyMTIwNDg4MDI0OjE3Njk3ODE0Mjk6c3BfYXRmOjMwMDgxMzI1NDkyMjUzMjo6MDo6&url=%2FLogitech-Superlight-Kablosuz-Faresi-Siyah%2Fdp%2FB07W5JKP66%2Fref%3Dsr_1_3_sspa%3Fdib%3DeyJ2IjoiMSJ9.sxN_0sOH-Dff_3HqMoNKsUCrAdQr53fyKLYb4APAKnaKp9EsCPGth0_AA-vUqmBEMEjVIi4Chi0FollbNZx9fQMeViAYooWdwAkGIi5FPPy0sZ7pfBsMWccm7_l8o5Rfp5ZMPudtjwg3CK_o68ynH0bK_U0cELpQUkj-w09j8bYJI8EGz31Ba23X4j98nzzayQEI4hlHK10Q_JZftMvfkeiwfq8zw6Tyy2daoleSO9_aNr2FsdGLCCRpIbxVGEy04dSG0IuJP3iBBq7kuJGG-qgxALBKBJo5BnlBfE4xCGU.5TEdoBlYLK_HvHM7r-LbflJtkQlaPXoKeSxgxYkezTI%26dib_tag%3Dse%26keywords%3Dwireless%2Bgaming%2Bmouse%26qid%3D1769781429%26sr%3D8-3-spons%26aref%3Diu3vaHGsGk%26sp_csd%3Dd2lkZ2V0TmFtZT1zcF9hdGY%26psc%3D1&aref=iu3vaHGsGk&sp_cr=DUB
"Razer Basilisk V3 - Kablolu, özelleştirilebilir oyun faresi, Chroma RGB ile, PC/Mac için (10+1 programlanabilir tuş, eğilebilir HyperScroll fare tekerleği, ergonomik tasarım) Siyah","2.209,00 TL",4.6,34,"Yarın, 31 Oca",https://www.amazon.com.tr/sspa/click?ie=UTF8&spc=MToxNzE4NjkyMTIwNDg4MDI0OjE3Njk3ODE0Mjk6c3BfYXRmOjMwMDc2NjE0MjcxMTczMjo6MDo6&url=%2FRazer-RZ01-04000100-R3M1-Basilisk-Kablolu-%25C3%2596zelle%25C5%259Ftirilebilir%2Fdp%2FB097F8H1MC%2Fref%3Dsr_1_4_sspa%3Fdib%3DeyJ2IjoiMSJ9.sxN_0sOH-Dff_3HqMoNKsUCrAdQr53fyKLYb4APAKnaKp9EsCPGth0_AA-vUqmBEMEjVIi4Chi0FollbNZx9fQMeViAYooWdwAkGIi5FPPy0sZ7pfBsMWccm7_l8o5Rfp5ZMPudtjwg3CK_o68ynH0bK_U0cELpQUkj-w09j8bYJI8EGz31Ba23X4j98nzzayQEI4hlHK10Q_JZftMvfkeiwfq8zw6Tyy2daoleSO9_aNr2FsdGLCCRpIbxVGEy04dSG0IuJP3iBBq7kuJGG-qgxALBKBJo5BnlBfE4xCGU.5TEdoBlYLK_HvHM7r-LbflJtkQlaPXoKeSxgxYkezTI%26dib_tag%3Dse%26keywords%3Dwireless%2Bgaming%2Bmouse%26qid%3D1769781429%26sr%3D8-4-spons%26aref%3DKK0LleB9Xj%26sp_csd%3Dd2lkZ2V0TmFtZT1zcF9hdGY%26psc%3D1&aref=KK0LleB9Xj&sp_cr=DUB
"Razer Viper V3 HyperSpeed - Kablosuz Esports Fare (Focus Pro 30K Optik Sensör, 280 saate kadar Pil, 2. Nesil Mekanik Fare Anahtarları, 4000 Hz Kablosuz Örnekleme Hızı) Siyah","2.580,00 TL",4.4,17,"Yarın, 31 Oca",https://www.amazon.com.tr/Razer-Viper-V3-HyperSpeed-Anahtarlar%C4%B1/dp/B0CBCPB2T1/ref=sr_1_5?dib=eyJ2IjoiMSJ9.sxN_0sOH-Dff_3HqMoNKsUCrAdQr53fyKLYb4APAKnaKp9EsCPGth0_AA-vUqmBEMEjVIi4Chi0FollbNZx9fQMeViAYooWdwAkGIi5FPPy0sZ7pfBsMWccm7_l8o5Rfp5ZMPudtjwg3CK_o68ynH0bK_U0cELpQUkj-w09j8bYJI8EGz31Ba23X4j98nzzayQEI4hlHK10Q_JZftMvfkeiwfq8zw6Tyy2daoleSO9_aNr2FsdGLCCRpIbxVGEy04dSG0IuJP3iBBq7kuJGG-qgxALBKBJo5BnlBfE4xCGU.5TEdoBlYLK_HvHM7r-LbflJtkQlaPXoKeSxgxYkezTI&dib_tag=se&keywords=wireless+gaming+mouse&qid=1769781429&sr=8-5
"Razer Basilisk V3 X HyperSpeed - Özelleştirilebilir Kablosuz Oyun Mouse'u (9 Özelleştirilebilir Kontrollü İkonik Ergonomik Form, HyperSpeed Kablosuz, 18K Optik Sensör, Chroma RGB) Siyah","1.999,00 TL",4.6,34,"Yarın, 31 Oca",https://www.amazon.com.tr/Razer-Basilisk-HyperSpeed-%C3%96zelle%C5%9Ftirilebilir-Kontroll%C3%BC/dp/B0BT4VRZGV/ref=sr_1_6?dib=eyJ2IjoiMSJ9.sxN_0sOH-Dff_3HqMoNKsUCrAdQr53fyKLYb4APAKnaKp9EsCPGth0_AA-vUqmBEMEjVIi4Chi0FollbNZx9fQMeViAYooWdwAkGIi5FPPy0sZ7pfBsMWccm7_l8o5Rfp5ZMPudtjwg3CK_o68ynH0bK_U0cELpQUkj-w09j8bYJI8EGz31Ba23X4j98nzzayQEI4hlHK10Q_JZftMvfkeiwfq8zw6Tyy2daoleSO9_aNr2FsdGLCCRpIbxVGEy04dSG0IuJP3iBBq7kuJGG-qgxALBKBJo5BnlBfE4xCGU.5TEdoBlYLK_HvHM7r-LbflJtkQlaPXoKeSxgxYkezTI&dib_tag=se&keywords=wireless+gaming+mouse&qid=1769781429&sr=8-6
"Razer DeathAdder V3 HyperSpeed - 26K DPI ile ultra hafif kablosuz ergonomik e-spor oyun faresi (55g hafif, yumuşak dokunuşlu kaplama, 100 saat pil ömrü, 8K Hz ile HyperSpeed) Siyah","3.790,00 TL",4.5,26,5 Şub Per,https://www.amazon.com.tr/Razer-DeathAdder-HyperSpeed-ergonomik-spor/dp/B0D384K6L9/ref=sr_1_7?dib=eyJ2IjoiMSJ9.sxN_0sOH-Dff_3HqMoNKsUCrAdQr53fyKLYb4APAKnaKp9EsCPGth0_AA-vUqmBEMEjVIi4Chi0FollbNZx9fQMeViAYooWdwAkGIi5FPPy0sZ7pfBsMWccm7_l8o5Rfp5ZMPudtjwg3CK_o68ynH0bK_U0cELpQUkj-w09j8bYJI8EGz31Ba23X4j98nzzayQEI4hlHK10Q_JZftMvfkeiwfq8zw6Tyy2daoleSO9_aNr2FsdGLCCRpIbxVGEy04dSG0IuJP3iBBq7kuJGG-qgxALBKBJo5BnlBfE4xCGU.5TEdoBlYLK_HvHM7r-LbflJtkQlaPXoKeSxgxYkezTI&dib_tag=se&keywords=wireless+gaming+mouse&qid=1769781429&sr=8-7
"Razer Orochi V2-950 saate kadar pil ömrüne sahip mobil kablosuz oyun faresi (Ultra hafif tasarım, HyperSpeed Kablosuz ve Bluetooth, 2. Nesil Mekanik Fare Anahtarları) Beyaz","1.799,00 TL",4.4,550,"Yarın, 31 Oca",https://www.amazon.com.tr/Razer-kablosuz-tasar%C4%B1m-mekanik-anahtarlar%C4%B1/dp/B08YZ61Y5S/ref=sr_1_8?dib=eyJ2IjoiMSJ9.sxN_0sOH-Dff_3HqMoNKsUCrAdQr53fyKLYb4APAKnaKp9EsCPGth0_AA-vUqmBEMEjVIi4Chi0FollbNZx9fQMeViAYooWdwAkGIi5FPPy0sZ7pfBsMWccm7_l8o5Rfp5ZMPudtjwg3CK_o68ynH0bK_U0cELpQUkj-w09j8bYJI8EGz31Ba23X4j98nzzayQEI4hlHK10Q_JZftMvfkeiwfq8zw6Tyy2daoleSO9_aNr2FsdGLCCRpIbxVGEy04dSG0IuJP3iBBq7kuJGG-qgxALBKBJo5BnlBfE4xCGU.5TEdoBlYLK_HvHM7r-LbflJtkQlaPXoKeSxgxYkezTI&dib_tag=se&keywords=wireless+gaming+mouse&qid=1769781429&sr=8-8
"Logitech G G305 LIGHTSPEED Kablosuz Oyuncu Mouse, 12.000 DPI HERO Sensör, 6 Programlanabilir Tuş, 1 ms Bildirim Hızı, 99 gr Ağırlık, 250 Saat Pil Ömrü, Beyaz","1.837,99 TL",4.6,22,3 - 4 Şub,https://www.amazon.com.tr/Logitech-Lightspeed-Kablosuz-Gaming-Mouse/dp/B07CGNP3RH/ref=sr_1_9?dib=eyJ2IjoiMSJ9.sxN_0sOH-Dff_3HqMoNKsUCrAdQr53fyKLYb4APAKnaKp9EsCPGth0_AA-vUqmBEMEjVIi4Chi0FollbNZx9fQMeViAYooWdwAkGIi5FPPy0sZ7pfBsMWccm7_l8o5Rfp5ZMPudtjwg3CK_o68ynH0bK_U0cELpQUkj-w09j8bYJI8EGz31Ba23X4j98nzzayQEI4hlHK10Q_JZftMvfkeiwfq8zw6Tyy2daoleSO9_aNr2FsdGLCCRpIbxVGEy04dSG0IuJP3iBBq7kuJGG-qgxALBKBJo5BnlBfE4xCGU.5TEdoBlYLK_HvHM7r-LbflJtkQlaPXoKeSxgxYkezTI&dib_tag=se&keywords=wireless+gaming+mouse&qid=1769781429&sr=8-9
"Razer DeathAdder V2 X HyperSpeed - Kablosuz Oyun için Ergonomik Mouse (235 Saat Pil Ömrü, HyperSpeed Kablosuz, 14K DPI Optik Sensör, Mekanik Anahtarlar Gen-2, 7 Programlanabilir Düğme) Siyah","2.190,00 TL",4.5,12,"Yarın, 31 Oca",https://www.amazon.com.tr/Razer-DeathAdder-Hyperspeed-ergonomik-teknolojisi/dp/B09DQ4NF15/ref=sr_1_11?dib=eyJ2IjoiMSJ9.sxN_0sOH-Dff_3HqMoNKsUCrAdQr53fyKLYb4APAKnaKp9EsCPGth0_AA-vUqmBEMEjVIi4Chi0FollbNZx9fQMeViAYooWdwAkGIi5FPPy0sZ7pfBsMWccm7_l8o5Rfp5ZMPudtjwg3CK_o68ynH0bK_U0cELpQUkj-w09j8bYJI8EGz31Ba23X4j98nzzayQEI4hlHK10Q_JZftMvfkeiwfq8zw6Tyy2daoleSO9_aNr2FsdGLCCRpIbxVGEy04dSG0IuJP3iBBq7kuJGG-qgxALBKBJo5BnlBfE4xCGU.5TEdoBlYLK_HvHM7r-LbflJtkQlaPXoKeSxgxYkezTI&dib_tag=se&keywords=wireless+gaming+mouse&qid=1769781429&sr=8-11
Claw's Nexus Air Kablosuz 10000 Dpi Pixart PMW3325 Sensör Makro Yazılımlı & Değiştirilebilir Kapaklı RGB Kablosuz Gaming Mouse - Beyaz,"854,05 TL",4.1,24,"Yarın, 31 Oca",https://www.amazon.com.tr/Claws-Kablosuz-PMW3325-Yaz%C4%B1l%C4%B1ml%C4%B1-De%C4%9Fi%C5%9Ftirilebilir/dp/B0D6VYZWNF/ref=sr_1_12?dib=eyJ2IjoiMSJ9.sxN_0sOH-Dff_3HqMoNKsUCrAdQr53fyKLYb4APAKnaKp9EsCPGth0_AA-vUqmBEMEjVIi4Chi0FollbNZx9fQMeViAYooWdwAkGIi5FPPy0sZ7pfBsMWccm7_l8o5Rfp5ZMPudtjwg3CK_o68ynH0bK_U0cELpQUkj-w09j8bYJI8EGz31Ba23X4j98nzzayQEI4hlHK10Q_JZftMvfkeiwfq8zw6Tyy2daoleSO9_aNr2FsdGLCCRpIbxVGEy04dSG0IuJP3iBBq7kuJGG-qgxALBKBJo5BnlBfE4xCGU.5TEdoBlYLK_HvHM7r-LbflJtkQlaPXoKeSxgxYkezTI&dib_tag=se&keywords=wireless+gaming+mouse&qid=1769781429&sr=8-12
"Razer Cobra Pro - RGB'li bireysel kablosuz oyun faresi (10 özelleştirilebilir düğme, 11 bölgeli Chroma aydınlatma, 30K'lı Optical Focus Pro sensörü) Siyah","4.572,99 TL",4.4,2,"Yarın, 31 Oca",https://www.amazon.com.tr/Razer-Cobra-Pro-%C3%B6zelle%C5%9Ftirilebilir-ayd%C4%B1nlatma/dp/B0C61F4R8Q/ref=sr_1_13?dib=eyJ2IjoiMSJ9.sxN_0sOH-Dff_3HqMoNKsUCrAdQr53fyKLYb4APAKnaKp9EsCPGth0_AA-vUqmBEMEjVIi4Chi0FollbNZx9fQMeViAYooWdwAkGIi5FPPy0sZ7pfBsMWccm7_l8o5Rfp5ZMPudtjwg3CK_o68ynH0bK_U0cELpQUkj-w09j8bYJI8EGz31Ba23X4j98nzzayQEI4hlHK10Q_JZftMvfkeiwfq8zw6Tyy2daoleSO9_aNr2FsdGLCCRpIbxVGEy04dSG0IuJP3iBBq7kuJGG-qgxALBKBJo5BnlBfE4xCGU.5TEdoBlYLK_HvHM7r-LbflJtkQlaPXoKeSxgxYkezTI&dib_tag=se&keywords=wireless+gaming+mouse&qid=1769781429&sr=8-13
"Havit Gamenote MS1043WB Kablosuz Gaming Mouse – 24K DPI, 2.4GHz + BT5.3 + Type-C, Hafif Tasarım, RGB","1.299,00 TL",N/A,0,4 Şub Çar,https://www.amazon.com.tr/Havit-Gamenote-MS1043WB-Kablosuz-Gaming/dp/B0GFXSLJZ8/ref=sr_1_14?dib=eyJ2IjoiMSJ9.sxN_0sOH-Dff_3HqMoNKsUCrAdQr53fyKLYb4APAKnaKp9EsCPGth0_AA-vUqmBEMEjVIi4Chi0FollbNZx9fQMeViAYooWdwAkGIi5FPPy0sZ7pfBsMWccm7_l8o5Rfp5ZMPudtjwg3CK_o68ynH0bK_U0cELpQUkj-w09j8bYJI8EGz31Ba23X4j98nzzayQEI4hlHK10Q_JZftMvfkeiwfq8zw6Tyy2daoleSO9_aNr2FsdGLCCRpIbxVGEy04dSG0IuJP3iBBq7kuJGG-qgxALBKBJo5BnlBfE4xCGU.5TEdoBlYLK_HvHM7r-LbflJtkQlaPXoKeSxgxYkezTI&dib_tag=se&keywords=wireless+gaming+mouse&qid=1769781429&sr=8-14
SteelSeries Rival 3 Wireless Gen 2 Oyuncu Faresi – Beyaz,N/A,4.3,329,N/A,https://www.amazon.com.tr/SteelSeries-Rival-Wireless-Oyuncu-Faresi/dp/B0F5QCX6V9/ref=sr_1_15?dib=eyJ2IjoiMSJ9.sxN_0sOH-Dff_3HqMoNKsUCrAdQr53fyKLYb4APAKnaKp9EsCPGth0_AA-vUqmBEMEjVIi4Chi0FollbNZx9fQMeViAYooWdwAkGIi5FPPy0sZ7pfBsMWccm7_l8o5Rfp5ZMPudtjwg3CK_o68ynH0bK_U0cELpQUkj-w09j8bYJI8EGz31Ba23X4j98nzzayQEI4hlHK10Q_JZftMvfkeiwfq8zw6Tyy2daoleSO9_aNr2FsdGLCCRpIbxVGEy04dSG0IuJP3iBBq7kuJGG-qgxALBKBJo5BnlBfE4xCGU.5TEdoBlYLK_HvHM7r-LbflJtkQlaPXoKeSxgxYkezTI&dib_tag=se&keywords=wireless+gaming+mouse&qid=1769781429&sr=8-15
Coverzone AJAZZ AJ159 PRO 3 Modlu 8000Hz 26.000 DPI Manyetik Şarj İstasyonlu PAW 3395 Optik Sensör Gaming Mouse (Beyaz),"2.194,00 TL",4.2,27,"Yarın, 31 Oca",https://www.amazon.com.tr/Coverzone-8000Hz-26-000-Manyetik-%C4%B0stasyonlu/dp/B0DYDLQKPD/ref=sr_1_16?dib=eyJ2IjoiMSJ9.sxN_0sOH-Dff_3HqMoNKsUCrAdQr53fyKLYb4APAKnaKp9EsCPGth0_AA-vUqmBEMEjVIi4Chi0FollbNZx9fQMeViAYooWdwAkGIi5FPPy0sZ7pfBsMWccm7_l8o5Rfp5ZMPudtjwg3CK_o68ynH0bK_U0cELpQUkj-w09j8bYJI8EGz31Ba23X4j98nzzayQEI4hlHK10Q_JZftMvfkeiwfq8zw6Tyy2daoleSO9_aNr2FsdGLCCRpIbxVGEy04dSG0IuJP3iBBq7kuJGG-qgxALBKBJo5BnlBfE4xCGU.5TEdoBlYLK_HvHM7r-LbflJtkQlaPXoKeSxgxYkezTI&dib_tag=se&keywords=wireless+gaming+mouse&qid=1769781429&sr=8-16
Rapoo VT3PRO MAX HSDM WIRED/WIRELESS GAME MOU,"2.868,48 TL",4.5,23,"Yarın, 31 Oca",https://www.amazon.com.tr/Rapoo-VT3PRO-HSDM-WIRED-WIRELESS/dp/B0FHVZ3L8W/ref=sr_1_18?dib=eyJ2IjoiMSJ9.sxN_0sOH-Dff_3HqMoNKsUCrAdQr53fyKLYb4APAKnaKp9EsCPGth0_AA-vUqmBEMEjVIi4Chi0FollbNZx9fQMeViAYooWdwAkGIi5FPPy0sZ7pfBsMWccm7_l8o5Rfp5ZMPudtjwg3CK_o68ynH0bK_U0cELpQUkj-w09j8bYJI8EGz31Ba23X4j98nzzayQEI4hlHK10Q_JZftMvfkeiwfq8zw6Tyy2daoleSO9_aNr2FsdGLCCRpIbxVGEy04dSG0IuJP3iBBq7kuJGG-qgxALBKBJo5BnlBfE4xCGU.5TEdoBlYLK_HvHM7r-LbflJtkQlaPXoKeSxgxYkezTI&dib_tag=se&keywords=wireless+gaming+mouse&qid=1769781429&sr=8-18
"Razer Naga V2 HyperSpeed - Ergonomik Kablosuz MMO Oyun Faresi (19 Programlanabilir Düğme, HyperSpeed Kablosuz (2,4 GHz), Bluetooth, 250 Saate Kadar, Focus Pro 30K Optik Sensör) Siyah","2.887,44 TL",4.2,1,"Yarın, 31 Oca",https://www.amazon.com.tr/Razer-Naga-HyperSpeed-Ergonomik-programlanabilir/dp/B0BD5L1ZJQ/ref=sr_1_19?dib=eyJ2IjoiMSJ9.sxN_0sOH-Dff_3HqMoNKsUCrAdQr53fyKLYb4APAKnaKp9EsCPGth0_AA-vUqmBEMEjVIi4Chi0FollbNZx9fQMeViAYooWdwAkGIi5FPPy0sZ7pfBsMWccm7_l8o5Rfp5ZMPudtjwg3CK_o68ynH0bK_U0cELpQUkj-w09j8bYJI8EGz31Ba23X4j98nzzayQEI4hlHK10Q_JZftMvfkeiwfq8zw6Tyy2daoleSO9_aNr2FsdGLCCRpIbxVGEy04dSG0IuJP3iBBq7kuJGG-qgxALBKBJo5BnlBfE4xCGU.5TEdoBlYLK_HvHM7r-LbflJtkQlaPXoKeSxgxYkezTI&dib_tag=se&keywords=wireless+gaming+mouse&qid=1769781429&sr=8-19
"ATTACK SHARK R1 59g SUPERLIGHT Fare, PixArt PAW3311 Oyun Sensörü, BT/2.4G Kablosuz/Kablolu Oyun Faresi, 18000'e kadar 6 Ayarlanabilir DPI, 65 Saat Pil (Beyaz)","1.499,00 TL",4.4,598,3 Şub Sal,https://www.amazon.com.tr/ATTACK-SHARK-SUPERLIGHT-Kablosuz-Ayarlanabilir/dp/B0CP4PJYNQ/ref=sr_1_20?dib=eyJ2IjoiMSJ9.sxN_0sOH-Dff_3HqMoNKsUCrAdQr53fyKLYb4APAKnaKp9EsCPGth0_AA-vUqmBEMEjVIi4Chi0FollbNZx9fQMeViAYooWdwAkGIi5FPPy0sZ7pfBsMWccm7_l8o5Rfp5ZMPudtjwg3CK_o68ynH0bK_U0cELpQUkj-w09j8bYJI8EGz31Ba23X4j98nzzayQEI4hlHK10Q_JZftMvfkeiwfq8zw6Tyy2daoleSO9_aNr2FsdGLCCRpIbxVGEy04dSG0IuJP3iBBq7kuJGG-qgxALBKBJo5BnlBfE4xCGU.5TEdoBlYLK_HvHM7r-LbflJtkQlaPXoKeSxgxYkezTI&dib_tag=se&keywords=wireless+gaming+mouse&qid=1769781429&sr=8-20
"Logitech G G502 LIGHTSPEED Kablosuz Oyuncu Mouse, HERO Sensör, 25.600 DPI, 400 IPS İzleme Hızı, 1 ms Bildirim Hızı, 114 gr Ağırlık, Siyah","6.161,00 TL",4.5,34,"Yarın, 31 Oca",https://www.amazon.com.tr/sspa/click?ie=UTF8&spc=MToxNzE4NjkyMTIwNDg4MDI0OjE3Njk3ODE0Mjk6c3BfbXRmOjMwMDgxMzI1NDkyMTczMjo6MDo6&url=%2FLogitech-Lightspeed-Kablosuz-Oyuncu-Mouse%2Fdp%2FB07QKC4WWD%2Fref%3Dsr_1_21_sspa%3Fdib%3DeyJ2IjoiMSJ9.sxN_0sOH-Dff_3HqMoNKsUCrAdQr53fyKLYb4APAKnaKp9EsCPGth0_AA-vUqmBEMEjVIi4Chi0FollbNZx9fQMeViAYooWdwAkGIi5FPPy0sZ7pfBsMWccm7_l8o5Rfp5ZMPudtjwg3CK_o68ynH0bK_U0cELpQUkj-w09j8bYJI8EGz31Ba23X4j98nzzayQEI4hlHK10Q_JZftMvfkeiwfq8zw6Tyy2daoleSO9_aNr2FsdGLCCRpIbxVGEy04dSG0IuJP3iBBq7kuJGG-qgxALBKBJo5BnlBfE4xCGU.5TEdoBlYLK_HvHM7r-LbflJtkQlaPXoKeSxgxYkezTI%26dib_tag%3Dse%26keywords%3Dwireless%2Bgaming%2Bmouse%26qid%3D1769781429%26sr%3D8-21-spons%26aref%3DSvuTNLWPNR%26sp_csd%3Dd2lkZ2V0TmFtZT1zcF9tdGY%26psc%3D1&aref=SvuTNLWPNR&sp_cr=DUB
"Logitech G Pro X Superlight 2C Kablosuz Oyuncu Mouse, Hafif, Hero 2 Sensör, 32.000, Pembe","7.124,00 TL",4.8,8,"Yarın, 31 Oca",https://www.amazon.com.tr/sspa/click?ie=UTF8&spc=MToxNzE4NjkyMTIwNDg4MDI0OjE3Njk3ODE0Mjk6c3BfbXRmOjMwMDgxMzI1NDkyMzIzMjo6MDo6&url=%2FLogitech-Superlight-Kablosuz-Oyuncu-Sens%25C3%25B6r%2Fdp%2FB0FLF9KQ97%2Fref%3Dsr_1_22_sspa%3Fdib%3DeyJ2IjoiMSJ9.sxN_0sOH-Dff_3HqMoNKsUCrAdQr53fyKLYb4APAKnaKp9EsCPGth0_AA-vUqmBEMEjVIi4Chi0FollbNZx9fQMeViAYooWdwAkGIi5FPPy0sZ7pfBsMWccm7_l8o5Rfp5ZMPudtjwg3CK_o68ynH0bK_U0cELpQUkj-w09j8bYJI8EGz31Ba23X4j98nzzayQEI4hlHK10Q_JZftMvfkeiwfq8zw6Tyy2daoleSO9_aNr2FsdGLCCRpIbxVGEy04dSG0IuJP3iBBq7kuJGG-qgxALBKBJo5BnlBfE4xCGU.5TEdoBlYLK_HvHM7r-LbflJtkQlaPXoKeSxgxYkezTI%26dib_tag%3Dse%26keywords%3Dwireless%2Bgaming%2Bmouse%26qid%3D1769781429%26sr%3D8-22-spons%26aref%3DEwLWJNJh9q%26sp_csd%3Dd2lkZ2V0TmFtZT1zcF9tdGY%26psc%3D1&aref=EwLWJNJh9q&sp_cr=DUB
"Logitech G PRO X Superlight 2C Kablosuz Oyuncu Mouse, Hafif, Hero 2 Sensör, 32.000 DPI, Siyah","6.781,08 TL",4.5,13,"Yarın, 31 Oca",https://www.amazon.com.tr/sspa/click?ie=UTF8&spc=MToxNzE4NjkyMTIwNDg4MDI0OjE3Njk3ODE0Mjk6c3BfbXRmOjMwMDgxMzI1NDkyMzAzMjo6MDo6&url=%2FLogitech-Superlight-Kablosuz-Oyuncu-Sens%25C3%25B6r%2Fdp%2FB0FLFCBWTJ%2Fref%3Dsr_1_23_sspa%3Fdib%3DeyJ2IjoiMSJ9.sxN_0sOH-Dff_3HqMoNKsUCrAdQr53fyKLYb4APAKnaKp9EsCPGth0_AA-vUqmBEMEjVIi4Chi0FollbNZx9fQMeViAYooWdwAkGIi5FPPy0sZ7pfBsMWccm7_l8o5Rfp5ZMPudtjwg3CK_o68ynH0bK_U0cELpQUkj-w09j8bYJI8EGz31Ba23X4j98nzzayQEI4hlHK10Q_JZftMvfkeiwfq8zw6Tyy2daoleSO9_aNr2FsdGLCCRpIbxVGEy04dSG0IuJP3iBBq7kuJGG-qgxALBKBJo5BnlBfE4xCGU.5TEdoBlYLK_HvHM7r-LbflJtkQlaPXoKeSxgxYkezTI%26dib_tag%3Dse%26keywords%3Dwireless%2Bgaming%2Bmouse%26qid%3D1769781429%26sr%3D8-23-spons%26aref%3D4pR2FDcjDJ%26sp_csd%3Dd2lkZ2V0TmFtZT1zcF9tdGY%26psc%3D1&aref=4pR2FDcjDJ&sp_cr=DUB
"Section XR1 Kablosuz Oyuncu Mouse, 10000 DPI, RGB Aydınlatma, 6 Tuş, 2.4G + Bluetooth + Kablolu, Type-C Şarjlı","1.149,00 TL",5.0,2,"Yarın, 31 Oca",https://www.amazon.com.tr/sspa/click?ie=UTF8&spc=MToxNzE4NjkyMTIwNDg4MDI0OjE3Njk3ODE0Mjk6c3BfbXRmOjMwMDg3MDM4OTA1MjMzMjo6MDo6&url=%2FSection-Kablosuz-Ayd%25C4%25B1nlatma-Bluetooth-Kablolu%2Fdp%2FB0G15QCPYJ%2Fref%3Dsr_1_24_sspa%3Fdib%3DeyJ2IjoiMSJ9.sxN_0sOH-Dff_3HqMoNKsUCrAdQr53fyKLYb4APAKnaKp9EsCPGth0_AA-vUqmBEMEjVIi4Chi0FollbNZx9fQMeViAYooWdwAkGIi5FPPy0sZ7pfBsMWccm7_l8o5Rfp5ZMPudtjwg3CK_o68ynH0bK_U0cELpQUkj-w09j8bYJI8EGz31Ba23X4j98nzzayQEI4hlHK10Q_JZftMvfkeiwfq8zw6Tyy2daoleSO9_aNr2FsdGLCCRpIbxVGEy04dSG0IuJP3iBBq7kuJGG-qgxALBKBJo5BnlBfE4xCGU.5TEdoBlYLK_HvHM7r-LbflJtkQlaPXoKeSxgxYkezTI%26dib_tag%3Dse%26keywords%3Dwireless%2Bgaming%2Bmouse%26qid%3D1769781429%26sr%3D8-24-spons%26aref%3D6ChbacASGC%26sp_csd%3Dd2lkZ2V0TmFtZT1zcF9tdGY%26psc%3D1&aref=6ChbacASGC&sp_cr=DUB
SteelSeries Rival 3 Wireless Gen 2 Oyuncu Faresi – Lavender,"2.449,02 TL",4.3,329,"Yarın, 31 Oca",https://www.amazon.com.tr/SteelSeries-Rival-Wireless-Oyuncu-Faresi/dp/B0F5QBPK44/ref=sr_1_25?dib=eyJ2IjoiMSJ9.sxN_0sOH-Dff_3HqMoNKsUCrAdQr53fyKLYb4APAKnaKp9EsCPGth0_AA-vUqmBEMEjVIi4Chi0FollbNZx9fQMeViAYooWdwAkGIi5FPPy0sZ7pfBsMWccm7_l8o5Rfp5ZMPudtjwg3CK_o68ynH0bK_U0cELpQUkj-w09j8bYJI8EGz31Ba23X4j98nzzayQEI4hlHK10Q_JZftMvfkeiwfq8zw6Tyy2daoleSO9_aNr2FsdGLCCRpIbxVGEy04dSG0IuJP3iBBq7kuJGG-qgxALBKBJo5BnlBfE4xCGU.5TEdoBlYLK_HvHM7r-LbflJtkQlaPXoKeSxgxYkezTI&dib_tag=se&keywords=wireless+gaming+mouse&qid=1769781429&sr=8-25
"SteelSeries Aerox 5 Wireless Gaming Mouse - 74 Gram, 9 Tuşlu - Bluetooth/2,4 GHz – IP54 Suya ve Toza Dayanıklı - PC/MAC - Siyah","5.254,00 TL",4.0,9,"Yarın, 31 Oca",https://www.amazon.com.tr/SteelSeries-Aerox-Kablosuz-Oyun-Faresi/dp/B09W1B5S5W/ref=sr_1_26?dib=eyJ2IjoiMSJ9.sxN_0sOH-Dff_3HqMoNKsUCrAdQr53fyKLYb4APAKnaKp9EsCPGth0_AA-vUqmBEMEjVIi4Chi0FollbNZx9fQMeViAYooWdwAkGIi5FPPy0sZ7pfBsMWccm7_l8o5Rfp5ZMPudtjwg3CK_o68ynH0bK_U0cELpQUkj-w09j8bYJI8EGz31Ba23X4j98nzzayQEI4hlHK10Q_JZftMvfkeiwfq8zw6Tyy2daoleSO9_aNr2FsdGLCCRpIbxVGEy04dSG0IuJP3iBBq7kuJGG-qgxALBKBJo5BnlBfE4xCGU.5TEdoBlYLK_HvHM7r-LbflJtkQlaPXoKeSxgxYkezTI&dib_tag=se&keywords=wireless+gaming+mouse&qid=1769781429&sr=8-26
"ATTACK SHARK X11 Manyetik Şarj Yuvası Oyun Faresi, PixArt PAW3311 Oyun Sensörü, BT/2.4G Kablosuz/Kablolu Oyun Faresi, 22000 DPI, Win11/Xbox/PS/Mac için Ofis Faresi Oyun Faresi (Beyaz)","1.999,00 TL",4.4,1,3 Şub Sal,https://www.amazon.com.tr/ATTACK-SHARK-X11-Manyetik-Kablosuz/dp/B0D3D5SSY8/ref=sr_1_27?dib=eyJ2IjoiMSJ9.sxN_0sOH-Dff_3HqMoNKsUCrAdQr53fyKLYb4APAKnaKp9EsCPGth0_AA-vUqmBEMEjVIi4Chi0FollbNZx9fQMeViAYooWdwAkGIi5FPPy0sZ7pfBsMWccm7_l8o5Rfp5ZMPudtjwg3CK_o68ynH0bK_U0cELpQUkj-w09j8bYJI8EGz31Ba23X4j98nzzayQEI4hlHK10Q_JZftMvfkeiwfq8zw6Tyy2daoleSO9_aNr2FsdGLCCRpIbxVGEy04dSG0IuJP3iBBq7kuJGG-qgxALBKBJo5BnlBfE4xCGU.5TEdoBlYLK_HvHM7r-LbflJtkQlaPXoKeSxgxYkezTI&dib_tag=se&keywords=wireless+gaming+mouse&qid=1769781429&sr=8-27
"ATTACK SHARK R5 Ultra Karbon Fiber HyperSpeed Kablosuz Gaming Mouse – 39g Süper Hafif, PAW3950MAX Sensör, 42000 DPI, 8000Hz Kablosuz Polling, BT/2.4G/Kablolu USB-C, Windows/Mac Uyumlu – Black","3.999,00 TL",4.6,128,3 Şub Sal,https://www.amazon.com.tr/ATTACK-SHARK-R5-Ultra-PAW3950MAX/dp/B0F12487G5/ref=sr_1_28?dib=eyJ2IjoiMSJ9.sxN_0sOH-Dff_3HqMoNKsUCrAdQr53fyKLYb4APAKnaKp9EsCPGth0_AA-vUqmBEMEjVIi4Chi0FollbNZx9fQMeViAYooWdwAkGIi5FPPy0sZ7pfBsMWccm7_l8o5Rfp5ZMPudtjwg3CK_o68ynH0bK_U0cELpQUkj-w09j8bYJI8EGz31Ba23X4j98nzzayQEI4hlHK10Q_JZftMvfkeiwfq8zw6Tyy2daoleSO9_aNr2FsdGLCCRpIbxVGEy04dSG0IuJP3iBBq7kuJGG-qgxALBKBJo5BnlBfE4xCGU.5TEdoBlYLK_HvHM7r-LbflJtkQlaPXoKeSxgxYkezTI&dib_tag=se&keywords=wireless+gaming+mouse&qid=1769781429&sr=8-28
"ASUS ROG KERIS II ORIGIN KABLOSUZ OYUN MOUSE'U, 64G HAFİF, ERGONOMİK, DEĞİŞTİRİLEBİLİR SWITCH YUVASI, 42K OPTİK SENSÖR, ROG MİKRO SWITCH II, ROG OMNI ALICI, 5 PROGRAMLANABİLİR TUŞ","4.799,00 TL",5.0,17,3 Şub Sal,https://www.amazon.com.tr/ASUS-KABLOSUZ-ERGONOM%C4%B0K-DE%C4%9E%C4%B0%C5%9ET%C4%B0R%C4%B0LEB%C4%B0L%C4%B0R-PROGRAMLANAB%C4%B0L%C4%B0R/dp/B0F911D4YW/ref=sr_1_29?dib=eyJ2IjoiMSJ9.sxN_0sOH-Dff_3HqMoNKsUCrAdQr53fyKLYb4APAKnaKp9EsCPGth0_AA-vUqmBEMEjVIi4Chi0FollbNZx9fQMeViAYooWdwAkGIi5FPPy0sZ7pfBsMWccm7_l8o5Rfp5ZMPudtjwg3CK_o68ynH0bK_U0cELpQUkj-w09j8bYJI8EGz31Ba23X4j98nzzayQEI4hlHK10Q_JZftMvfkeiwfq8zw6Tyy2daoleSO9_aNr2FsdGLCCRpIbxVGEy04dSG0IuJP3iBBq7kuJGG-qgxALBKBJo5BnlBfE4xCGU.5TEdoBlYLK_HvHM7r-LbflJtkQlaPXoKeSxgxYkezTI&dib_tag=se&keywords=wireless+gaming+mouse&qid=1769781429&sr=8-29
"ATTACK SHARK R5 Ultra Karbon Fiber HyperSpeed Kablosuz Gaming Mouse – 39g Süper Hafif, PAW3950MAX Sensör, 42000 DPI, 8000Hz Kablosuz Polling, BT/2.4G/Kablolu USB-C, Windows/Mac Uyumlu – White","3.999,00 TL",4.8,50,3 Şub Sal,https://www.amazon.com.tr/ATTACK-SHARK-HyperSpeed-Ultra-PAW3950MAX/dp/B0F12HRRJP/ref=sr_1_30?dib=eyJ2IjoiMSJ9.sxN_0sOH-Dff_3HqMoNKsUCrAdQr53fyKLYb4APAKnaKp9EsCPGth0_AA-vUqmBEMEjVIi4Chi0FollbNZx9fQMeViAYooWdwAkGIi5FPPy0sZ7pfBsMWccm7_l8o5Rfp5ZMPudtjwg3CK_o68ynH0bK_U0cELpQUkj-w09j8bYJI8EGz31Ba23X4j98nzzayQEI4hlHK10Q_JZftMvfkeiwfq8zw6Tyy2daoleSO9_aNr2FsdGLCCRpIbxVGEy04dSG0IuJP3iBBq7kuJGG-qgxALBKBJo5BnlBfE4xCGU.5TEdoBlYLK_HvHM7r-LbflJtkQlaPXoKeSxgxYkezTI&dib_tag=se&keywords=wireless+gaming+mouse&qid=1769781429&sr=8-30
"ATTACK SHARK X3 49g SUPERLIGHT Fare, PixArt PAW3395 Oyun Sensörü BT/2.4G Kablosuz/Kablolu Oyun Faresi, 26000'e Kadar 6 Ayarlanabilir DPI, 200 Saat Pil, G502, Win11/Xbox/PS/Mac için Ofis Faresi (Beyaz)","2.199,00 TL",4.3,272,3 Şub Sal,https://www.amazon.com.tr/ATTACK-SHARK-X3-SUPERLIGHT-Ayarlanabilir/dp/B0CCN6SFFM/ref=sr_1_31?dib=eyJ2IjoiMSJ9.sxN_0sOH-Dff_3HqMoNKsUCrAdQr53fyKLYb4APAKnaKp9EsCPGth0_AA-vUqmBEMEjVIi4Chi0FollbNZx9fQMeViAYooWdwAkGIi5FPPy0sZ7pfBsMWccm7_l8o5Rfp5ZMPudtjwg3CK_o68ynH0bK_U0cELpQUkj-w09j8bYJI8EGz31Ba23X4j98nzzayQEI4hlHK10Q_JZftMvfkeiwfq8zw6Tyy2daoleSO9_aNr2FsdGLCCRpIbxVGEy04dSG0IuJP3iBBq7kuJGG-qgxALBKBJo5BnlBfE4xCGU.5TEdoBlYLK_HvHM7r-LbflJtkQlaPXoKeSxgxYkezTI&dib_tag=se&keywords=wireless+gaming+mouse&qid=1769781429&sr=8-31
Throne Raito RefleX 26000 Dpi Pixart PAW 3395 OLED Ekran & Makro Yazılım 59gr RGB Kablosuz Gaming Mouse - Beyaz (Tri Mod 2.4 GHz Kablosuz + BT5.1 + Type-C),"1.974,20 TL",4.1,35,"Yarın, 31 Oca",https://www.amazon.com.tr/Throne-RefleX-Pixart-Yaz%C4%B1l%C4%B1m-Kablosuz/dp/B0DSG5XGMC/ref=sr_1_32?dib=eyJ2IjoiMSJ9.sxN_0sOH-Dff_3HqMoNKsUCrAdQr53fyKLYb4APAKnaKp9EsCPGth0_AA-vUqmBEMEjVIi4Chi0FollbNZx9fQMeViAYooWdwAkGIi5FPPy0sZ7pfBsMWccm7_l8o5Rfp5ZMPudtjwg3CK_o68ynH0bK_U0cELpQUkj-w09j8bYJI8EGz31Ba23X4j98nzzayQEI4hlHK10Q_JZftMvfkeiwfq8zw6Tyy2daoleSO9_aNr2FsdGLCCRpIbxVGEy04dSG0IuJP3iBBq7kuJGG-qgxALBKBJo5BnlBfE4xCGU.5TEdoBlYLK_HvHM7r-LbflJtkQlaPXoKeSxgxYkezTI&dib_tag=se&keywords=wireless+gaming+mouse&qid=1769781429&sr=8-32
"Razer Orochi V2-950 Saate Kadar Pil Ömrüne Sahip Mobil Kablosuz Oyun Mouse'u (Ultra Hafif Tasarım, HyperSpeed Kablosuz ve Bluetooth, 2. Nesil Mekanik Mouse Anahtarları) Pembe","2.278,00 TL",4.4,76,"Yarın, 31 Oca",https://www.amazon.com.tr/Razer-Kablosuz-HyperSpeed-Bluetooth-Anahtarlar%C4%B1/dp/B0BDZWRC63/ref=sr_1_33?dib=eyJ2IjoiMSJ9.sxN_0sOH-Dff_3HqMoNKsUCrAdQr53fyKLYb4APAKnaKp9EsCPGth0_AA-vUqmBEMEjVIi4Chi0FollbNZx9fQMeViAYooWdwAkGIi5FPPy0sZ7pfBsMWccm7_l8o5Rfp5ZMPudtjwg3CK_o68ynH0bK_U0cELpQUkj-w09j8bYJI8EGz31Ba23X4j98nzzayQEI4hlHK10Q_JZftMvfkeiwfq8zw6Tyy2daoleSO9_aNr2FsdGLCCRpIbxVGEy04dSG0IuJP3iBBq7kuJGG-qgxALBKBJo5BnlBfE4xCGU.5TEdoBlYLK_HvHM7r-LbflJtkQlaPXoKeSxgxYkezTI&dib_tag=se&keywords=wireless+gaming+mouse&qid=1769781429&sr=8-33
MSI GG FORGE VERSA 300 WIRELESS WHITE GAMING MOUSE MAX 8000 DPI 60GR OPTIK SENSOR MICRO SWITCH OYUNCU FARESI,"1.179,00 TL",4.1,35,3 Şub Sal,https://www.amazon.com.tr/MSI-WIRELESS-GAMING-SENSOR-SWITCH/dp/B0BSLJXJ7J/ref=sr_1_34?dib=eyJ2IjoiMSJ9.sxN_0sOH-Dff_3HqMoNKsUCrAdQr53fyKLYb4APAKnaKp9EsCPGth0_AA-vUqmBEMEjVIi4Chi0FollbNZx9fQMeViAYooWdwAkGIi5FPPy0sZ7pfBsMWccm7_l8o5Rfp5ZMPudtjwg3CK_o68ynH0bK_U0cELpQUkj-w09j8bYJI8EGz31Ba23X4j98nzzayQEI4hlHK10Q_JZftMvfkeiwfq8zw6Tyy2daoleSO9_aNr2FsdGLCCRpIbxVGEy04dSG0IuJP3iBBq7kuJGG-qgxALBKBJo5BnlBfE4xCGU.5TEdoBlYLK_HvHM7r-LbflJtkQlaPXoKeSxgxYkezTI&dib_tag=se&keywords=wireless+gaming+mouse&qid=1769781429&sr=8-34
Glorious PC Gaming Race Model O Minus RGB Kablosuz BAMF Sensörlü 19000 DPI 65 gram Mouse Mat Beyaz,"2.449,00 TL",3.9,11,"Yarın, 31 Oca",https://www.amazon.com.tr/Glorious-Model-Eksi-Kablosuz-Faresi/dp/B09Q5F5YFM/ref=sr_1_35?dib=eyJ2IjoiMSJ9.sxN_0sOH-Dff_3HqMoNKsUCrAdQr53fyKLYb4APAKnaKp9EsCPGth0_AA-vUqmBEMEjVIi4Chi0FollbNZx9fQMeViAYooWdwAkGIi5FPPy0sZ7pfBsMWccm7_l8o5Rfp5ZMPudtjwg3CK_o68ynH0bK_U0cELpQUkj-w09j8bYJI8EGz31Ba23X4j98nzzayQEI4hlHK10Q_JZftMvfkeiwfq8zw6Tyy2daoleSO9_aNr2FsdGLCCRpIbxVGEy04dSG0IuJP3iBBq7kuJGG-qgxALBKBJo5BnlBfE4xCGU.5TEdoBlYLK_HvHM7r-LbflJtkQlaPXoKeSxgxYkezTI&dib_tag=se&keywords=wireless+gaming+mouse&qid=1769781429&sr=8-35
ASUS ROG Strix Impact III Wireless Beyaz Kablosuz Gaming (Oyuncu) Mouse,"2.548,20 TL",4.8,15,3 Şub Sal,https://www.amazon.com.tr/ASUS-IMPACT-WIRELESS-BLUETOOTH-DE%C4%9E%C4%B0%C5%9ET%C4%B0R%C4%B0LEB%C4%B0L%C4%B0R/dp/B08H1JLB2N/ref=sr_1_36?dib=eyJ2IjoiMSJ9.sxN_0sOH-Dff_3HqMoNKsUCrAdQr53fyKLYb4APAKnaKp9EsCPGth0_AA-vUqmBEMEjVIi4Chi0FollbNZx9fQMeViAYooWdwAkGIi5FPPy0sZ7pfBsMWccm7_l8o5Rfp5ZMPudtjwg3CK_o68ynH0bK_U0cELpQUkj-w09j8bYJI8EGz31Ba23X4j98nzzayQEI4hlHK10Q_JZftMvfkeiwfq8zw6Tyy2daoleSO9_aNr2FsdGLCCRpIbxVGEy04dSG0IuJP3iBBq7kuJGG-qgxALBKBJo5BnlBfE4xCGU.5TEdoBlYLK_HvHM7r-LbflJtkQlaPXoKeSxgxYkezTI&dib_tag=se&keywords=wireless+gaming+mouse&qid=1769781429&sr=8-36
Glorious Model D RGB Kablosuz BAMF sensörlü 19000 DPI 69 gram Mat Siyah,"1.728,00 TL",4.1,22,3 - 4 Şub,https://www.amazon.com.tr/Glorious-Model-D-kablosuz-Mouse/dp/B094RLNC83/ref=sr_1_37?dib=eyJ2IjoiMSJ9.sxN_0sOH-Dff_3HqMoNKsUCrAdQr53fyKLYb4APAKnaKp9EsCPGth0_AA-vUqmBEMEjVIi4Chi0FollbNZx9fQMeViAYooWdwAkGIi5FPPy0sZ7pfBsMWccm7_l8o5Rfp5ZMPudtjwg3CK_o68ynH0bK_U0cELpQUkj-w09j8bYJI8EGz31Ba23X4j98nzzayQEI4hlHK10Q_JZftMvfkeiwfq8zw6Tyy2daoleSO9_aNr2FsdGLCCRpIbxVGEy04dSG0IuJP3iBBq7kuJGG-qgxALBKBJo5BnlBfE4xCGU.5TEdoBlYLK_HvHM7r-LbflJtkQlaPXoKeSxgxYkezTI&dib_tag=se&keywords=wireless+gaming+mouse&qid=1769781429&sr=8-37
"Razer Viper V3 Pro - Ultralight Kablosuz Espor Oyun Mouse'u (8K Hz HyperPolling, 54g hafif tasarım, Focus Pro Sensör 35K DPI, HyperSpeed Kablosuz, 95 saat pil ömrü) Siyah","6.666,86 TL",4.4,17,"Yarın, 31 Oca",https://www.amazon.com.tr/Razer-Viper-Pro-Ultralight-HyperPolling/dp/B0CSPN2G5Z/ref=sr_1_38?dib=eyJ2IjoiMSJ9.sxN_0sOH-Dff_3HqMoNKsUCrAdQr53fyKLYb4APAKnaKp9EsCPGth0_AA-vUqmBEMEjVIi4Chi0FollbNZx9fQMeViAYooWdwAkGIi5FPPy0sZ7pfBsMWccm7_l8o5Rfp5ZMPudtjwg3CK_o68ynH0bK_U0cELpQUkj-w09j8bYJI8EGz31Ba23X4j98nzzayQEI4hlHK10Q_JZftMvfkeiwfq8zw6Tyy2daoleSO9_aNr2FsdGLCCRpIbxVGEy04dSG0IuJP3iBBq7kuJGG-qgxALBKBJo5BnlBfE4xCGU.5TEdoBlYLK_HvHM7r-LbflJtkQlaPXoKeSxgxYkezTI&dib_tag=se&keywords=wireless+gaming+mouse&qid=1769781429&sr=8-38
"ASUS TUF Gaming Mini Kablosuz Fare Hatsune Miku Edition, Üç Modlu bağlantıya sahip 65 gram Kablosuz Oyun Faresi, 12.000 dpi Sensör, 100 milyon tıklama ömrü anahtarları, PTFE Fare ayakları","3.599,00 TL",4.6,14,"Yarın, 31 Oca",https://www.amazon.com.tr/ASUS-TUF-Gaming-Mini-anahtarlar%C4%B1/dp/B0F4NJSC27/ref=sr_1_39?dib=eyJ2IjoiMSJ9.sxN_0sOH-Dff_3HqMoNKsUCrAdQr53fyKLYb4APAKnaKp9EsCPGth0_AA-vUqmBEMEjVIi4Chi0FollbNZx9fQMeViAYooWdwAkGIi5FPPy0sZ7pfBsMWccm7_l8o5Rfp5ZMPudtjwg3CK_o68ynH0bK_U0cELpQUkj-w09j8bYJI8EGz31Ba23X4j98nzzayQEI4hlHK10Q_JZftMvfkeiwfq8zw6Tyy2daoleSO9_aNr2FsdGLCCRpIbxVGEy04dSG0IuJP3iBBq7kuJGG-qgxALBKBJo5BnlBfE4xCGU.5TEdoBlYLK_HvHM7r-LbflJtkQlaPXoKeSxgxYkezTI&dib_tag=se&keywords=wireless+gaming+mouse&qid=1769781429&sr=8-39
"X3 Kablosuz Gaming Mouse, Ultra Hafif 49g Oyuncu Mouse, PixArt PAW3395 Sensör-26000DPI, Programlanabilir, 2.4G/Bluetooth/Kablolu-Uzun Pil Ömrü/PTFE Ayak/Fare Kavrama Bandı-PC/MAC-Lavanta","2.199,00 TL",4.4,647,3 Şub Sal,https://www.amazon.com.tr/VGN-GAMEPOWER-Sens%C3%B6r-26000DPI-Programlanabilir-Kablolu-Uzun/dp/B0CGCYS63H/ref=sr_1_40?dib=eyJ2IjoiMSJ9.sxN_0sOH-Dff_3HqMoNKsUCrAdQr53fyKLYb4APAKnaKp9EsCPGth0_AA-vUqmBEMEjVIi4Chi0FollbNZx9fQMeViAYooWdwAkGIi5FPPy0sZ7pfBsMWccm7_l8o5Rfp5ZMPudtjwg3CK_o68ynH0bK_U0cELpQUkj-w09j8bYJI8EGz31Ba23X4j98nzzayQEI4hlHK10Q_JZftMvfkeiwfq8zw6Tyy2daoleSO9_aNr2FsdGLCCRpIbxVGEy04dSG0IuJP3iBBq7kuJGG-qgxALBKBJo5BnlBfE4xCGU.5TEdoBlYLK_HvHM7r-LbflJtkQlaPXoKeSxgxYkezTI&dib_tag=se&keywords=wireless+gaming+mouse&qid=1769781429&sr=8-40
Coverzone AJAZZ AJ179 PRO 3 Modlu 8000Hz 26.000 DPI Manyetik Şarj İstasyonlu PAW 3395 Optik Sensör Gaming Mouse (Beyaz),"2.239,00 TL",3.4,8,"Yarın, 31 Oca",https://www.amazon.com.tr/Coverzone-8000Hz-26-000-Manyetik-%C4%B0stasyonlu/dp/B0DYDPX3LC/ref=sr_1_41?dib=eyJ2IjoiMSJ9.sxN_0sOH-Dff_3HqMoNKsUCrAdQr53fyKLYb4APAKnaKp9EsCPGth0_AA-vUqmBEMEjVIi4Chi0FollbNZx9fQMeViAYooWdwAkGIi5FPPy0sZ7pfBsMWccm7_l8o5Rfp5ZMPudtjwg3CK_o68ynH0bK_U0cELpQUkj-w09j8bYJI8EGz31Ba23X4j98nzzayQEI4hlHK10Q_JZftMvfkeiwfq8zw6Tyy2daoleSO9_aNr2FsdGLCCRpIbxVGEy04dSG0IuJP3iBBq7kuJGG-qgxALBKBJo5BnlBfE4xCGU.5TEdoBlYLK_HvHM7r-LbflJtkQlaPXoKeSxgxYkezTI&dib_tag=se&keywords=wireless+gaming+mouse&qid=1769781429&sr=8-41
"Logitech G PRO X SUPERLIGHT 2 SE kablosuz oyun faresi, 5 programlanabilir düğmeli 60 g profesyonel sınıf fare, 44K DPI sensör, 888+ IPS, 1 kHz rapor hızı, PC/Mac için USB-C şarj - Siyah","5.619,00 TL",4.4,200,4 Şub Çar,https://www.amazon.com.tr/Logitech-SUPERLIGHT-kablosuz-programlanabilir-profesyonel/dp/B0F1YS92S2/ref=sr_1_42?dib=eyJ2IjoiMSJ9.sxN_0sOH-Dff_3HqMoNKsUCrAdQr53fyKLYb4APAKnaKp9EsCPGth0_AA-vUqmBEMEjVIi4Chi0FollbNZx9fQMeViAYooWdwAkGIi5FPPy0sZ7pfBsMWccm7_l8o5Rfp5ZMPudtjwg3CK_o68ynH0bK_U0cELpQUkj-w09j8bYJI8EGz31Ba23X4j98nzzayQEI4hlHK10Q_JZftMvfkeiwfq8zw6Tyy2daoleSO9_aNr2FsdGLCCRpIbxVGEy04dSG0IuJP3iBBq7kuJGG-qgxALBKBJo5BnlBfE4xCGU.5TEdoBlYLK_HvHM7r-LbflJtkQlaPXoKeSxgxYkezTI&dib_tag=se&keywords=wireless+gaming+mouse&qid=1769781429&sr=8-42
MSI VERSA 300 Wireless Gaming (Oyuncu) Mouse,"1.349,00 TL",4.4,134,4 Şub Çar,https://www.amazon.com.tr/MSI-VERSA-300-GAMING-MOUSE/dp/B0BSNBTVG2/ref=sr_1_43?dib=eyJ2IjoiMSJ9.sxN_0sOH-Dff_3HqMoNKsUCrAdQr53fyKLYb4APAKnaKp9EsCPGth0_AA-vUqmBEMEjVIi4Chi0FollbNZx9fQMeViAYooWdwAkGIi5FPPy0sZ7pfBsMWccm7_l8o5Rfp5ZMPudtjwg3CK_o68ynH0bK_U0cELpQUkj-w09j8bYJI8EGz31Ba23X4j98nzzayQEI4hlHK10Q_JZftMvfkeiwfq8zw6Tyy2daoleSO9_aNr2FsdGLCCRpIbxVGEy04dSG0IuJP3iBBq7kuJGG-qgxALBKBJo5BnlBfE4xCGU.5TEdoBlYLK_HvHM7r-LbflJtkQlaPXoKeSxgxYkezTI&dib_tag=se&keywords=wireless+gaming+mouse&qid=1769781429&sr=8-43
MSI VERSA 300 Elite Wireless Gaming (Oyuncu) Mouse,N/A,4.8,11,N/A,https://www.amazon.com.tr/MSI-VERSA-300-ELITE-Bluetooth/dp/B0BSLJV3MN/ref=sr_1_44?dib=eyJ2IjoiMSJ9.sxN_0sOH-Dff_3HqMoNKsUCrAdQr53fyKLYb4APAKnaKp9EsCPGth0_AA-vUqmBEMEjVIi4Chi0FollbNZx9fQMeViAYooWdwAkGIi5FPPy0sZ7pfBsMWccm7_l8o5Rfp5ZMPudtjwg3CK_o68ynH0bK_U0cELpQUkj-w09j8bYJI8EGz31Ba23X4j98nzzayQEI4hlHK10Q_JZftMvfkeiwfq8zw6Tyy2daoleSO9_aNr2FsdGLCCRpIbxVGEy04dSG0IuJP3iBBq7kuJGG-qgxALBKBJo5BnlBfE4xCGU.5TEdoBlYLK_HvHM7r-LbflJtkQlaPXoKeSxgxYkezTI&dib_tag=se&keywords=wireless+gaming+mouse&qid=1769781429&sr=8-44
"ATTACK SHARK X3 Superlight Kablosuz Gaming Mouse – 49g Ultra Hafif Fare, 26000 DPI PixArt PAW3395 Sensör, BT/2.4G/Kablolu Üçlü Mod, 200 Saat Pil Ömrü, PTFE Ayaklar, PC/Xbox/PS/Mac – Red","2.199,00 TL",4.3,1,"Yarın, 31 Oca",https://www.amazon.com.tr/Attack-Shark-X3-Red-Mouse/dp/B0CGCXGGJZ/ref=sr_1_45?dib=eyJ2IjoiMSJ9.sxN_0sOH-Dff_3HqMoNKsUCrAdQr53fyKLYb4APAKnaKp9EsCPGth0_AA-vUqmBEMEjVIi4Chi0FollbNZx9fQMeViAYooWdwAkGIi5FPPy0sZ7pfBsMWccm7_l8o5Rfp5ZMPudtjwg3CK_o68ynH0bK_U0cELpQUkj-w09j8bYJI8EGz31Ba23X4j98nzzayQEI4hlHK10Q_JZftMvfkeiwfq8zw6Tyy2daoleSO9_aNr2FsdGLCCRpIbxVGEy04dSG0IuJP3iBBq7kuJGG-qgxALBKBJo5BnlBfE4xCGU.5TEdoBlYLK_HvHM7r-LbflJtkQlaPXoKeSxgxYkezTI&dib_tag=se&keywords=wireless+gaming+mouse&qid=1769781429&sr=8-45
HyperX PF Has 2 Core WL BK/BK Gm Ms Oyuncu Faresi,"2.220,00 TL",4.5,200,"Yarın, 31 Oca",https://www.amazon.com.tr/HyperX-Has-Core-Oyuncu-Faresi/dp/B0D2BJTX1L/ref=sr_1_46?dib=eyJ2IjoiMSJ9.sxN_0sOH-Dff_3HqMoNKsUCrAdQr53fyKLYb4APAKnaKp9EsCPGth0_AA-vUqmBEMEjVIi4Chi0FollbNZx9fQMeViAYooWdwAkGIi5FPPy0sZ7pfBsMWccm7_l8o5Rfp5ZMPudtjwg3CK_o68ynH0bK_U0cELpQUkj-w09j8bYJI8EGz31Ba23X4j98nzzayQEI4hlHK10Q_JZftMvfkeiwfq8zw6Tyy2daoleSO9_aNr2FsdGLCCRpIbxVGEy04dSG0IuJP3iBBq7kuJGG-qgxALBKBJo5BnlBfE4xCGU.5TEdoBlYLK_HvHM7r-LbflJtkQlaPXoKeSxgxYkezTI&dib_tag=se&keywords=wireless+gaming+mouse&qid=1769781429&sr=8-46
Corsair M75 Kablosuz RGB Hafif FPS Oyun Faresi – 26.000 DPI – Değiştirilebilir Yan Tuşlar – iCUE Uyumlu – PC – Siyah,"2.660,89 TL",4.3,228,3 - 4 Şub,https://www.amazon.com.tr/Corsair-Kablosuz-Hafif-Oyun-Faresi/dp/B0CTKRMLWY/ref=sr_1_47?dib=eyJ2IjoiMSJ9.sxN_0sOH-Dff_3HqMoNKsUCrAdQr53fyKLYb4APAKnaKp9EsCPGth0_AA-vUqmBEMEjVIi4Chi0FollbNZx9fQMeViAYooWdwAkGIi5FPPy0sZ7pfBsMWccm7_l8o5Rfp5ZMPudtjwg3CK_o68ynH0bK_U0cELpQUkj-w09j8bYJI8EGz31Ba23X4j98nzzayQEI4hlHK10Q_JZftMvfkeiwfq8zw6Tyy2daoleSO9_aNr2FsdGLCCRpIbxVGEy04dSG0IuJP3iBBq7kuJGG-qgxALBKBJo5BnlBfE4xCGU.5TEdoBlYLK_HvHM7r-LbflJtkQlaPXoKeSxgxYkezTI&dib_tag=se&keywords=wireless+gaming+mouse&qid=1769781429&sr=8-47
"IMG-329MX Oyuncu Mouse 12000 DPI | RGB, Laser Sensör, 6D Tuş, Kablosuz Kablolu, Type-C Şarj","1.009,99 TL",5.0,1,"Yarın, 31 Oca",https://www.amazon.com.tr/IMG-329MX-Oyuncu-Sens%C3%B6r-Kablosuz-Kablolu/dp/B0FRN9WWKH/ref=sr_1_48?dib=eyJ2IjoiMSJ9.sxN_0sOH-Dff_3HqMoNKsUCrAdQr53fyKLYb4APAKnaKp9EsCPGth0_AA-vUqmBEMEjVIi4Chi0FollbNZx9fQMeViAYooWdwAkGIi5FPPy0sZ7pfBsMWccm7_l8o5Rfp5ZMPudtjwg3CK_o68ynH0bK_U0cELpQUkj-w09j8bYJI8EGz31Ba23X4j98nzzayQEI4hlHK10Q_JZftMvfkeiwfq8zw6Tyy2daoleSO9_aNr2FsdGLCCRpIbxVGEy04dSG0IuJP3iBBq7kuJGG-qgxALBKBJo5BnlBfE4xCGU.5TEdoBlYLK_HvHM7r-LbflJtkQlaPXoKeSxgxYkezTI&dib_tag=se&keywords=wireless+gaming+mouse&qid=1769781429&sr=8-48
"Pusat Reflex Ultra Yüksek Performanslı RGB Kablosuz Oyuncu Mouse PixArt AIM 3335 Sensör, 16000 DPI, 400 IPS, 70 Saat Kullanım Süresi, 60 Milyon Tıklama Ömrü, 6 Programlanabilir Tuş -Siyah","2.299,00 TL",4.3,12,4 - 5 Şub,https://www.amazon.com.tr/Performansl%C4%B1-Kablosuz-Kullan%C4%B1m-T%C4%B1klama-Programlanabilir/dp/B0DCW3YMDJ/ref=sr_1_49?dib=eyJ2IjoiMSJ9.sxN_0sOH-Dff_3HqMoNKsUCrAdQr53fyKLYb4APAKnaKp9EsCPGth0_AA-vUqmBEMEjVIi4Chi0FollbNZx9fQMeViAYooWdwAkGIi5FPPy0sZ7pfBsMWccm7_l8o5Rfp5ZMPudtjwg3CK_o68ynH0bK_U0cELpQUkj-w09j8bYJI8EGz31Ba23X4j98nzzayQEI4hlHK10Q_JZftMvfkeiwfq8zw6Tyy2daoleSO9_aNr2FsdGLCCRpIbxVGEy04dSG0IuJP3iBBq7kuJGG-qgxALBKBJo5BnlBfE4xCGU.5TEdoBlYLK_HvHM7r-LbflJtkQlaPXoKeSxgxYkezTI&dib_tag=se&keywords=wireless+gaming+mouse&qid=1769781429&sr=8-49
Pusat One Shot Pro 16000 DPI Yüksek Performans Şarjlı 8 Tuşlu Kablosuz RGB Oyuncu Mouse - Siyah,"1.299,00 TL",3.7,26,4 - 5 Şub,https://www.amazon.com.tr/Y%C3%BCksek-Performans-%C5%9Earjl%C4%B1-Kablosuz-Oyuncu/dp/B09PFZK6V7/ref=sr_1_50?dib=eyJ2IjoiMSJ9.sxN_0sOH-Dff_3HqMoNKsUCrAdQr53fyKLYb4APAKnaKp9EsCPGth0_AA-vUqmBEMEjVIi4Chi0FollbNZx9fQMeViAYooWdwAkGIi5FPPy0sZ7pfBsMWccm7_l8o5Rfp5ZMPudtjwg3CK_o68ynH0bK_U0cELpQUkj-w09j8bYJI8EGz31Ba23X4j98nzzayQEI4hlHK10Q_JZftMvfkeiwfq8zw6Tyy2daoleSO9_aNr2FsdGLCCRpIbxVGEy04dSG0IuJP3iBBq7kuJGG-qgxALBKBJo5BnlBfE4xCGU.5TEdoBlYLK_HvHM7r-LbflJtkQlaPXoKeSxgxYkezTI&dib_tag=se&keywords=wireless+gaming+mouse&qid=1769781429&sr=8-50
Pusat Ghost Pro 54Gr 26000 DPI 650 IPS Şarj Edilebilir Kablosuz RGB Oyuncu Mouse- Siyah,"2.499,00 TL",5.0,2,4 - 5 Şub,https://www.amazon.com.tr/Pusat-Edilebilir-Kablosuz-Oyuncu-Mouse/dp/B0DHVBWM9G/ref=sr_1_51?dib=eyJ2IjoiMSJ9.sxN_0sOH-Dff_3HqMoNKsUCrAdQr53fyKLYb4APAKnaKp9EsCPGth0_AA-vUqmBEMEjVIi4Chi0FollbNZx9fQMeViAYooWdwAkGIi5FPPy0sZ7pfBsMWccm7_l8o5Rfp5ZMPudtjwg3CK_o68ynH0bK_U0cELpQUkj-w09j8bYJI8EGz31Ba23X4j98nzzayQEI4hlHK10Q_JZftMvfkeiwfq8zw6Tyy2daoleSO9_aNr2FsdGLCCRpIbxVGEy04dSG0IuJP3iBBq7kuJGG-qgxALBKBJo5BnlBfE4xCGU.5TEdoBlYLK_HvHM7r-LbflJtkQlaPXoKeSxgxYkezTI&dib_tag=se&keywords=wireless+gaming+mouse&qid=1769781429&sr=8-51
"Coverzone Ajazz Aj179 NL Near-link 3 Modlu Kablosuz Oyuncu Mouse 26000 DPI PAW3395 Sensörlü – 1000Hz Yenileme Hızı, NearLink Teknolojili, 800mAh Batarya, 100M Tıklama Ömrü (Beyaz)","1.449,90 TL",N/A,0,"Yarın, 31 Oca",https://www.amazon.com.tr/Coverzone-Near-link-Kablosuz-PAW3395-Sens%C3%B6rl%C3%BC/dp/B0G1YBQZXM/ref=sr_1_52?dib=eyJ2IjoiMSJ9.sxN_0sOH-Dff_3HqMoNKsUCrAdQr53fyKLYb4APAKnaKp9EsCPGth0_AA-vUqmBEMEjVIi4Chi0FollbNZx9fQMeViAYooWdwAkGIi5FPPy0sZ7pfBsMWccm7_l8o5Rfp5ZMPudtjwg3CK_o68ynH0bK_U0cELpQUkj-w09j8bYJI8EGz31Ba23X4j98nzzayQEI4hlHK10Q_JZftMvfkeiwfq8zw6Tyy2daoleSO9_aNr2FsdGLCCRpIbxVGEy04dSG0IuJP3iBBq7kuJGG-qgxALBKBJo5BnlBfE4xCGU.5TEdoBlYLK_HvHM7r-LbflJtkQlaPXoKeSxgxYkezTI&dib_tag=se&keywords=wireless+gaming+mouse&qid=1769781429&sr=8-52
"AJAZZ AJ139 PRO X SUPERLIGHT Kablosuz Oyun Faresi,Ultra Hafif(59g),Pixart PAW3395 Optik Sensör,26000 DPI,2.4Ghz/USB C Kablolu,Ergonomik,6 Programlanabilir Düğme,200 Saat Pil Ömrü,PC/MAC için - Beyaz","1.990,00 TL",3.6,85,"Yarın, 31 Oca",https://www.amazon.com.tr/AJAZZ-AJ139-PRO-SUPERLIGHT-Programlanabilir/dp/B0CBB23G7H/ref=sr_1_53?dib=eyJ2IjoiMSJ9.sxN_0sOH-Dff_3HqMoNKsUCrAdQr53fyKLYb4APAKnaKp9EsCPGth0_AA-vUqmBEMEjVIi4Chi0FollbNZx9fQMeViAYooWdwAkGIi5FPPy0sZ7pfBsMWccm7_l8o5Rfp5ZMPudtjwg3CK_o68ynH0bK_U0cELpQUkj-w09j8bYJI8EGz31Ba23X4j98nzzayQEI4hlHK10Q_JZftMvfkeiwfq8zw6Tyy2daoleSO9_aNr2FsdGLCCRpIbxVGEy04dSG0IuJP3iBBq7kuJGG-qgxALBKBJo5BnlBfE4xCGU.5TEdoBlYLK_HvHM7r-LbflJtkQlaPXoKeSxgxYkezTI&dib_tag=se&keywords=wireless+gaming+mouse&qid=1769781429&sr=8-53
"Glorious Oyun Modeli O Kablosuz Oyun Faresi - Süper Hafif, 69g Petek Tasarım, RGB, İki Elini Kullanabilen, Gecikmesiz 2.4GHz Kablosuz, 71 Saate Kadar Pil - Mat Beyaz","2.399,00 TL",N/A,0,3 - 4 Şub,https://www.amazon.com.tr/Glorious-Model-Kablosuz-Oyun-Faresi/dp/B098RDJZFM/ref=sr_1_54?dib=eyJ2IjoiMSJ9.sxN_0sOH-Dff_3HqMoNKsUCrAdQr53fyKLYb4APAKnaKp9EsCPGth0_AA-vUqmBEMEjVIi4Chi0FollbNZx9fQMeViAYooWdwAkGIi5FPPy0sZ7pfBsMWccm7_l8o5Rfp5ZMPudtjwg3CK_o68ynH0bK_U0cELpQUkj-w09j8bYJI8EGz31Ba23X4j98nzzayQEI4hlHK10Q_JZftMvfkeiwfq8zw6Tyy2daoleSO9_aNr2FsdGLCCRpIbxVGEy04dSG0IuJP3iBBq7kuJGG-qgxALBKBJo5BnlBfE4xCGU.5TEdoBlYLK_HvHM7r-LbflJtkQlaPXoKeSxgxYkezTI&dib_tag=se&keywords=wireless+gaming+mouse&qid=1769781429&sr=8-54
"Razer Orochi V2 - 950 Saate Kadar Pil Ömrü ile Mobil Kablosuz Oyun Faresi (Ultra Hafif Tasarım, HyperSpeed ​​Kablosuz ve Bluetooth, 2. Nesil Mekanik Fare Anahtarları) Siyah","2.143,98 TL",4.3,825,"Yarın, 31 Oca",https://www.amazon.com.tr/Razer-Kablosuz-HyperSpeed-Bluetooth-Anahtarlar%C4%B1/dp/B08TJZCL5Q/ref=sr_1_55?dib=eyJ2IjoiMSJ9.sxN_0sOH-Dff_3HqMoNKsUCrAdQr53fyKLYb4APAKnaKp9EsCPGth0_AA-vUqmBEMEjVIi4Chi0FollbNZx9fQMeViAYooWdwAkGIi5FPPy0sZ7pfBsMWccm7_l8o5Rfp5ZMPudtjwg3CK_o68ynH0bK_U0cELpQUkj-w09j8bYJI8EGz31Ba23X4j98nzzayQEI4hlHK10Q_JZftMvfkeiwfq8zw6Tyy2daoleSO9_aNr2FsdGLCCRpIbxVGEy04dSG0IuJP3iBBq7kuJGG-qgxALBKBJo5BnlBfE4xCGU.5TEdoBlYLK_HvHM7r-LbflJtkQlaPXoKeSxgxYkezTI&dib_tag=se&keywords=wireless+gaming+mouse&qid=1769781429&sr=8-55
"ASUS ROG STRIX IMPACT III WIRELESS, 36000 DPI SENSÖR, 2.4GHz, Bluetooth, Değiştirilebilir Switch Oyuncu Mouse","3.577,49 TL",4.6,135,"Yarın, 31 Oca",https://www.amazon.com.tr/ASUS-IMPACT-WIRELESS-Bluetooth-De%C4%9Fi%C5%9Ftirilebilir/dp/B0CTZZR4CD/ref=sr_1_56?dib=eyJ2IjoiMSJ9.sxN_0sOH-Dff_3HqMoNKsUCrAdQr53fyKLYb4APAKnaKp9EsCPGth0_AA-vUqmBEMEjVIi4Chi0FollbNZx9fQMeViAYooWdwAkGIi5FPPy0sZ7pfBsMWccm7_l8o5Rfp5ZMPudtjwg3CK_o68ynH0bK_U0cELpQUkj-w09j8bYJI8EGz31Ba23X4j98nzzayQEI4hlHK10Q_JZftMvfkeiwfq8zw6Tyy2daoleSO9_aNr2FsdGLCCRpIbxVGEy04dSG0IuJP3iBBq7kuJGG-qgxALBKBJo5BnlBfE4xCGU.5TEdoBlYLK_HvHM7r-LbflJtkQlaPXoKeSxgxYkezTI&dib_tag=se&keywords=wireless+gaming+mouse&qid=1769781429&sr=8-56
"Logitech G Pro X Superlight 2C Kablosuz Oyuncu Mouse, Hafif, Hero 2 Sensör, 32.000 DPI, Beyaz","7.179,00 TL",5.0,4,"Yarın, 31 Oca",https://www.amazon.com.tr/sspa/click?ie=UTF8&spc=MToxNzE4NjkyMTIwNDg4MDI0OjE3Njk3ODE0Mjk6c3BfYnRmOjMwMDgxMzI1NDkyMzEzMjo6MDo6&url=%2FLogitech-Superlight-Kablosuz-Oyuncu-Sens%25C3%25B6r%2Fdp%2FB0FLFFB8X5%2Fref%3Dsr_1_57_sspa%3Fdib%3DeyJ2IjoiMSJ9.sxN_0sOH-Dff_3HqMoNKsUCrAdQr53fyKLYb4APAKnaKp9EsCPGth0_AA-vUqmBEMEjVIi4Chi0FollbNZx9fQMeViAYooWdwAkGIi5FPPy0sZ7pfBsMWccm7_l8o5Rfp5ZMPudtjwg3CK_o68ynH0bK_U0cELpQUkj-w09j8bYJI8EGz31Ba23X4j98nzzayQEI4hlHK10Q_JZftMvfkeiwfq8zw6Tyy2daoleSO9_aNr2FsdGLCCRpIbxVGEy04dSG0IuJP3iBBq7kuJGG-qgxALBKBJo5BnlBfE4xCGU.5TEdoBlYLK_HvHM7r-LbflJtkQlaPXoKeSxgxYkezTI%26dib_tag%3Dse%26keywords%3Dwireless%2Bgaming%2Bmouse%26qid%3D1769781429%26sr%3D8-57-spons%26aref%3DFnLGcQcBiN%26sp_csd%3Dd2lkZ2V0TmFtZT1zcF9idGY%26psc%3D1&aref=FnLGcQcBiN&sp_cr=DUB
"CLASSONE WG100 Gaming Serisi Kablosuz Mouse, Siyah","349,90 TL",3.2,5,3 Şub Sal,https://www.amazon.com.tr/sspa/click?ie=UTF8&spc=MToxNzE4NjkyMTIwNDg4MDI0OjE3Njk3ODE0Mjk6c3BfYnRmOjMwMDc5NTg2ODk1MTMzMjo6MDo6&url=%2FCLASSONE-WG100-Gaming-Serisi-Kablosuz%2Fdp%2FB07K6MBNC4%2Fref%3Dsr_1_59_sspa%3Fdib%3DeyJ2IjoiMSJ9.sxN_0sOH-Dff_3HqMoNKsUCrAdQr53fyKLYb4APAKnaKp9EsCPGth0_AA-vUqmBEMEjVIi4Chi0FollbNZx9fQMeViAYooWdwAkGIi5FPPy0sZ7pfBsMWccm7_l8o5Rfp5ZMPudtjwg3CK_o68ynH0bK_U0cELpQUkj-w09j8bYJI8EGz31Ba23X4j98nzzayQEI4hlHK10Q_JZftMvfkeiwfq8zw6Tyy2daoleSO9_aNr2FsdGLCCRpIbxVGEy04dSG0IuJP3iBBq7kuJGG-qgxALBKBJo5BnlBfE4xCGU.5TEdoBlYLK_HvHM7r-LbflJtkQlaPXoKeSxgxYkezTI%26dib_tag%3Dse%26keywords%3Dwireless%2Bgaming%2Bmouse%26qid%3D1769781429%26sr%3D8-59-spons%26aref%3DPkSCeB00n7%26sp_csd%3Dd2lkZ2V0TmFtZT1zcF9idGY%26psc%3D1&aref=PkSCeB00n7&sp_cr=DUB
"Logitech G PRO X SUPERLIGHT 2 DEX LIGHTSPEED Kablosuz Oyun Mouse'u, HERO 2 32K DPI Sensör, 888 IPS/88G'ye Kadar Hızlanma PC/Mac için Programlanabilir 5 Tuş, USB-C Şarj, 60g ProGrade Hafif Mouse, Beyaz","6.765,04 TL",4.3,25,"Yarın, 31 Oca",https://www.amazon.com.tr/sspa/click?ie=UTF8&spc=MToxNzE4NjkyMTIwNDg4MDI0OjE3Njk3ODE0Mjk6c3BfYnRmOjMwMDgxMzI1NDkyMjkzMjo6MDo6&url=%2FLogitech-SUPERLIGHT-LIGHTSPEED-Kablosuz-Programlanabilir%2Fdp%2FB0DBZG6SR6%2Fref%3Dsr_1_60_sspa%3Fdib%3DeyJ2IjoiMSJ9.sxN_0sOH-Dff_3HqMoNKsUCrAdQr53fyKLYb4APAKnaKp9EsCPGth0_AA-vUqmBEMEjVIi4Chi0FollbNZx9fQMeViAYooWdwAkGIi5FPPy0sZ7pfBsMWccm7_l8o5Rfp5ZMPudtjwg3CK_o68ynH0bK_U0cELpQUkj-w09j8bYJI8EGz31Ba23X4j98nzzayQEI4hlHK10Q_JZftMvfkeiwfq8zw6Tyy2daoleSO9_aNr2FsdGLCCRpIbxVGEy04dSG0IuJP3iBBq7kuJGG-qgxALBKBJo5BnlBfE4xCGU.5TEdoBlYLK_HvHM7r-LbflJtkQlaPXoKeSxgxYkezTI%26dib_tag%3Dse%26keywords%3Dwireless%2Bgaming%2Bmouse%26qid%3D1769781429%26sr%3D8-60-spons%26aref%3Dt56bycHgLy%26sp_csd%3Dd2lkZ2V0TmFtZT1zcF9idGY%26psc%3D1&aref=t56bycHgLy&sp_cr=DUB
